DATE,SERIES,OPEN,HIGH,LOW,PREV. CLOSE,LTP,CLOSE,VWAP,52W H,52W L,VOLUME,VALUE,NO. OF  TRADES
24-Dec-2025,EQ,"1,780.20","1,781.00","1,732.10","1,780.20","1,737.00","1,737.70","1,749.61","10,026.80","1,525.00",2702033,"4,72,75,03,647.00",127174
23-Dec-2025,EQ,"1,847.00","1,847.00","1,739.30","1,868.70","1,778.00","1,780.20","1,781.99","10,026.80","1,525.00",3815131,"6,79,85,32,194.20",133061
22-Dec-2025,EQ,"1,850.00","1,882.00","1,847.80","1,845.40","1,864.10","1,868.70","1,866.69","10,026.80","1,525.00",824181,"1,53,84,90,856.10",41900
19-Dec-2025,EQ,"1,871.20","1,877.70","1,837.00","1,854.80","1,840.00","1,845.40","1,847.67","10,026.80","1,525.00",2031217,"3,75,30,20,418.90",71742
18-Dec-2025,EQ,"1,849.70","1,870.20","1,828.00","1,844.70","1,853.00","1,854.80","1,849.27","10,026.80","1,525.00",983034,"1,81,78,94,599.70",54357
17-Dec-2025,EQ,"1,866.80","1,887.30","1,840.90","1,866.80","1,847.00","1,844.70","1,861.30","10,026.80","1,525.00",728993,"1,35,68,74,928.00",34408
16-Dec-2025,EQ,"1,867.00","1,871.40","1,841.50","1,870.00","1,862.00","1,866.80","1,859.57","10,026.80","1,525.00",810515,"1,50,72,10,940.30",39350
15-Dec-2025,EQ,"1,855.00","1,874.90","1,835.50","1,851.00","1,872.00","1,870.00","1,863.23","10,026.80","1,525.00",774833,"1,44,36,88,382.00",36251
12-Dec-2025,EQ,"1,850.00","1,854.70","1,825.80","1,841.40","1,853.90","1,851.00","1,840.47","10,026.80","1,525.00",1341771,"2,46,94,84,069.80",40928
11-Dec-2025,EQ,"1,828.00","1,864.00","1,823.90","1,820.20","1,842.30","1,841.40","1,839.93","10,026.80","1,525.00",1305450,"2,40,19,34,989.70",63629
10-Dec-2025,EQ,"1,883.70","1,889.00","1,816.20","1,873.50","1,823.00","1,820.20","1,847.41","10,026.80","1,525.00",1182576,"2,18,46,99,074.00",54229
09-Dec-2025,EQ,"1,938.10","1,938.10","1,855.20","1,951.30","1,870.70","1,873.50","1,877.20","10,026.80","1,525.00",2178634,"4,08,97,42,521.80",83578
08-Dec-2025,EQ,"1,980.00","1,989.70","1,932.70","1,977.90","1,948.00","1,951.30","1,956.37","10,026.80","1,525.00",1538773,"3,01,04,04,198.10",45669
05-Dec-2025,EQ,"1,970.00","1,988.20","1,957.00","1,966.20","1,973.00","1,977.90","1,977.30","10,026.80","1,525.00",1822538,"3,60,36,96,875.40",49298
04-Dec-2025,EQ,"1,922.00","1,986.00","1,917.80","1,912.50","1,966.70","1,966.20","1,961.33","10,026.80","1,525.00",3120396,"6,12,01,37,418.60",122166
03-Dec-2025,EQ,"1,922.00","1,934.00","1,895.10","1,913.90","1,917.80","1,912.50","1,913.73","10,026.80","1,525.00",1033164,"1,97,71,96,456.80",52821
02-Dec-2025,EQ,"1,908.00","1,927.20","1,902.00","1,902.60","1,915.00","1,913.90","1,913.52","10,026.80","1,525.00",789262,"1,51,02,68,792.40",30772
01-Dec-2025,EQ,"1,919.00","1,936.00","1,898.00","1,908.70","1,902.00","1,902.60","1,917.44","10,026.80","1,525.00",957784,"1,83,64,91,364.80",54720
28-Nov-2025,EQ,"1,916.00","1,932.40","1,901.00","1,910.20","1,910.70","1,908.70","1,914.78","10,026.80","1,525.00",1344163,"2,57,37,70,821.30",50075
27-Nov-2025,EQ,"1,878.00","1,915.00","1,872.00","1,871.10","1,907.00","1,910.20","1,899.96","10,026.80","1,525.00",1702344,"3,23,43,78,105.90",74632
26-Nov-2025,EQ,"1,845.70","1,873.00","1,830.20","1,831.70","1,871.00","1,871.10","1,858.21","10,026.80","1,525.00",902345,"1,67,67,49,804.40",40340
25-Nov-2025,EQ,"1,815.00","1,834.20","1,793.20","1,808.20","1,830.00","1,831.70","1,812.43","10,026.80","1,525.00",1612174,"2,92,19,57,946.50",62978
24-Nov-2025,EQ,"1,802.00","1,835.00","1,800.00","1,797.50","1,809.90","1,808.20","1,814.77","10,026.80","1,525.00",1409000,"2,55,70,05,974.00",54254
21-Nov-2025,EQ,"1,836.90","1,849.90","1,791.10","1,846.10","1,794.90","1,797.50","1,804.70","10,026.80","1,525.00",1342531,"2,42,28,70,006.40",82463
20-Nov-2025,EQ,"1,878.00","1,888.00","1,840.50","1,858.20","1,849.00","1,846.10","1,858.31","10,026.80","1,525.00",1733072,"3,22,05,90,157.90",56111
19-Nov-2025,EQ,"1,783.40","1,865.70","1,775.80","1,784.30","1,863.00","1,858.20","1,836.70","10,026.80","1,525.00",2324817,"4,26,99,97,403.40",89203
18-Nov-2025,EQ,"1,790.00","1,795.00","1,771.50","1,801.10","1,775.00","1,784.30","1,782.90","10,026.80","1,525.00",785781,"1,40,09,68,144.30",45198
17-Nov-2025,EQ,"1,806.10","1,815.10","1,791.50","1,799.60","1,801.90","1,801.10","1,802.26","10,026.80","1,525.00",518247,"93,40,13,841.00",26247
14-Nov-2025,EQ,"1,801.00","1,805.00","1,756.00","1,810.20","1,802.00","1,799.60","1,782.80","10,026.80","1,525.00",1575511,"2,80,88,15,516.80",60281
13-Nov-2025,EQ,"1,830.00","1,830.00","1,798.40","1,827.70","1,806.30","1,810.20","1,818.01","10,026.80","1,525.00",1550251,"2,81,83,65,959.50",64327
12-Nov-2025,EQ,"1,808.00","1,832.00","1,801.00","1,797.10","1,823.80","1,827.70","1,821.70","10,026.80","1,525.00",1138331,"2,07,37,00,118.10",56122
11-Nov-2025,EQ,"1,768.80","1,800.00","1,757.80","1,757.60","1,797.80","1,797.10","1,781.35","10,026.80","1,525.00",2162659,"3,85,24,62,298.60",60724
10-Nov-2025,EQ,"1,740.40","1,772.20","1,723.30","1,740.20","1,756.10","1,757.60","1,755.49","10,026.80","1,525.00",1401690,"2,46,06,51,791.00",57946
07-Nov-2025,EQ,"1,750.00","1,751.50","1,715.00","1,763.90","1,740.40","1,740.20","1,738.17","10,026.80","1,525.00",1410909,"2,45,23,97,772.70",54942
06-Nov-2025,EQ,"1,751.00","1,777.00","1,748.60","1,767.00","1,760.00","1,763.90","1,765.46","10,026.80","1,525.00",1453706,"2,56,64,57,830.50",55887
04-Nov-2025,EQ,"1,787.00","1,794.40","1,760.00","1,794.80","1,763.80","1,767.00","1,772.54","10,026.80","1,525.00",1067437,"1,89,20,75,954.80",48948
03-Nov-2025,EQ,"1,778.00","1,798.00","1,758.00","1,778.10","1,794.90","1,794.80","1,784.24","10,026.80","1,525.00",1055825,"1,88,38,50,289.90",41747
31-Oct-2025,EQ,"1,810.00","1,812.70","1,774.30","1,807.70","1,785.00","1,778.10","1,789.35","10,026.80","1,525.00",697258,"1,24,76,41,160.40",30495
30-Oct-2025,EQ,"1,809.60","1,813.00","1,788.90","1,797.40","1,808.00","1,807.70","1,800.49","10,026.80","1,525.00",1236877,"2,22,69,84,899.00",35365
29-Oct-2025,EQ,"1,810.00","1,822.00","1,782.20","1,809.80","1,805.00","1,797.40","1,798.28","10,026.80","1,525.00",1754243,"3,15,46,16,452.20",76917
28-Oct-2025,EQ,"1,841.90","1,846.00","1,801.50","1,830.60","1,810.00","1,809.80","1,818.92","10,026.80","1,525.00",2276191,"4,14,02,03,913.20",71467
27-Oct-2025,EQ,"1,850.00","1,866.60","1,820.00","1,760.00","1,831.00","1,830.60","1,838.08","10,026.80","1,525.00",6887265,"12,65,93,32,844.00",166900
24-Oct-2025,EQ,"1,769.00","1,775.00","1,747.10","1,754.70","1,760.00","1,760.00","1,763.77","10,026.80","1,525.00",1609152,"2,83,81,81,227.60",55283
23-Oct-2025,EQ,"1,776.00","1,782.30","1,746.10","1,741.50","1,761.70","1,754.70","1,768.08","10,026.80","1,525.00",1981822,"3,50,40,28,312.90",63192
21-Oct-2025,EQ,"1,762.70","1,764.60","1,729.00","1,747.40","1,732.10","1,741.50","1,747.92","10,026.80","1,525.00",106674,"18,64,58,044.60",6415
20-Oct-2025,EQ,"1,740.00","1,757.50","1,737.90","1,734.90","1,745.40","1,747.40","1,749.50","10,026.80","1,525.00",456862,"79,92,80,468.60",26952
17-Oct-2025,EQ,"1,757.00","1,757.00","1,711.00","1,761.50","1,737.80","1,734.90","1,730.28","10,026.80","1,525.00",1237165,"2,14,06,39,162.40",54616
16-Oct-2025,EQ,"1,767.00","1,775.00","1,748.80","1,765.40","1,761.50","1,761.50","1,760.27","10,026.80","1,525.00",579027,"1,01,92,44,028.10",35658
15-Oct-2025,EQ,"1,710.00","1,771.80","1,710.00","1,700.50","1,761.00","1,765.40","1,754.80","10,026.80","1,525.00",2653260,"4,65,59,44,296.20",111835
14-Oct-2025,EQ,"1,727.10","1,735.00","1,688.00","1,716.00","1,701.90","1,700.50","1,704.77","10,026.80","1,525.00",836488,"1,42,60,20,557.10",46885
13-Oct-2025,EQ,"1,710.00","1,722.90","1,686.40","1,722.30","1,716.00","1,716.00","1,709.39","10,026.80","1,525.00",857446,"1,46,57,13,360.60",50126
10-Oct-2025,EQ,"1,735.00","1,747.40","1,713.00","1,720.10","1,719.30","1,722.30","1,729.83","10,026.80","1,525.00",1374406,"2,37,74,87,821.60",51219
09-Oct-2025,EQ,"1,720.00","1,728.50","1,699.00","1,713.70","1,723.10","1,720.10","1,716.52","10,026.80","1,525.00",1167579,"2,00,41,72,065.70",54566
08-Oct-2025,EQ,"1,682.50","1,733.20","1,673.30","1,686.50","1,709.50","1,713.70","1,713.73","10,026.80","1,525.00",2733508,"4,68,44,85,563.80",78569
07-Oct-2025,EQ,"1,670.40","1,692.00","1,647.00","1,662.40","1,686.00","1,686.50","1,674.64","10,026.80","1,525.00",1937983,"3,24,54,25,122.00",55620
06-Oct-2025,EQ,"1,614.90","1,666.30","1,598.10","1,613.10","1,657.70","1,662.40","1,642.55","10,026.80","1,525.00",1432985,"2,35,37,46,129.70",44036
03-Oct-2025,EQ,"1,595.00","1,619.80","1,588.50","1,600.80","1,614.90","1,613.10","1,609.54","10,026.80","1,525.00",1434833,"2,30,94,25,359.10",43841
01-Oct-2025,EQ,"1,591.00","1,606.50","1,554.30","1,591.00","1,601.80","1,600.80","1,584.23","10,026.80","1,525.00",1603862,"2,54,08,83,217.00",83636
30-Sep-2025,EQ,"1,583.90","1,611.00","1,558.40","1,552.20","1,590.00","1,591.00","1,584.19","10,026.80","1,525.00",6590593,"10,44,07,28,606.30",188481
29-Sep-2025,EQ,"1,553.90","1,574.90","1,525.00","1,538.50","1,547.00","1,552.20","1,546.91","10,026.80","1,525.00",2271394,"3,51,36,36,927.00",69725
26-Sep-2025,EQ,"1,591.50","1,594.00","1,531.70","1,591.30","1,541.00","1,538.50","1,553.63","10,026.80","1,531.70",1851852,"2,87,70,85,348.40",103402
25-Sep-2025,EQ,"1,623.80","1,647.00","1,587.40","1,623.20","1,594.00","1,591.30","1,615.76","10,026.80","1,584.30",1465683,"2,36,81,84,828.60",79749
24-Sep-2025,EQ,"1,673.30","1,673.30","1,618.00","1,667.90","1,619.00","1,623.20","1,634.49","10,026.80","1,584.30",2635426,"4,30,75,76,305.90",107003
23-Sep-2025,EQ,"1,718.00","1,723.20","1,662.20","1,716.90","1,668.70","1,667.90","1,680.58","10,026.80","1,584.30",2038607,"3,42,60,33,463.80",90352
22-Sep-2025,EQ,"1,720.00","1,746.60","1,702.20","1,795.30","1,715.30","1,716.90","1,726.75","10,026.80","1,584.30",2928020,"5,05,59,68,644.90",98035
19-Sep-2025,EQ,"1,830.00","1,830.00","1,792.10","1,824.50","1,799.00","1,795.30","1,799.94","10,026.80","1,584.30",1490876,"2,68,34,83,724.90",51352
18-Sep-2025,EQ,"1,806.00","1,827.40","1,803.10","1,791.90","1,826.70","1,824.50","1,815.23","10,026.80","1,584.30",2107488,"3,82,55,73,941.30",70479
17-Sep-2025,EQ,"1,787.00","1,817.60","1,778.80","1,779.60","1,793.00","1,791.90","1,796.92","10,026.80","1,584.30",1223772,"2,19,90,20,978.70",47057
16-Sep-2025,EQ,"1,759.00","1,785.00","1,753.40","1,754.30","1,783.40","1,779.60","1,767.77","10,026.80","1,584.30",782670,"1,38,35,82,491.50",36023
15-Sep-2025,EQ,"1,765.90","1,773.90","1,740.30","1,764.00","1,759.00","1,754.30","1,751.52","10,026.80","1,584.30",570950,"1,00,00,31,834.60",40387
12-Sep-2025,EQ,"1,782.00","1,790.90","1,760.90","1,771.00","1,769.00","1,764.00","1,770.98","10,026.80","1,584.30",1155805,"2,04,69,06,679.90",49902
11-Sep-2025,EQ,"1,768.60","1,774.80","1,745.00","1,768.60","1,772.00","1,771.00","1,760.42","10,026.80","1,584.30",900505,"1,58,52,69,862.80",44301
10-Sep-2025,EQ,"1,712.00","1,778.80","1,710.00","1,696.60","1,769.00","1,768.60","1,760.06","10,026.80","1,584.30",2946800,"5,18,65,31,054.90",124361
09-Sep-2025,EQ,"1,675.00","1,714.00","1,667.00","1,662.40","1,694.40","1,696.60","1,696.67","10,026.80","1,584.30",1705824,"2,89,42,11,943.30",71774
08-Sep-2025,EQ,"1,669.90","1,686.00","1,656.20","1,658.30","1,662.00","1,662.40","1,669.45","10,026.80","1,584.30",1245512,"2,07,93,17,994.00",72748
05-Sep-2025,EQ,"1,705.80","1,710.80","1,640.00","1,692.50","1,661.00","1,658.30","1,666.34","10,026.80","1,584.30",1573984,"2,62,27,90,309.30",85036
04-Sep-2025,EQ,"1,741.00","1,747.70","1,686.50","1,731.80","1,692.00","1,692.50","1,701.27","10,026.80","1,584.30",1208094,"2,05,52,92,487.20",71205
03-Sep-2025,EQ,"1,745.00","1,759.20","1,718.10","1,754.60","1,732.00","1,731.80","1,732.86","10,026.80","1,584.30",915451,"1,58,63,49,558.60",46616
02-Sep-2025,EQ,"1,778.00","1,782.30","1,751.50","1,764.60","1,755.00","1,754.60","1,765.86","10,026.80","1,584.30",1084460,"1,91,50,01,196.20",55565
01-Sep-2025,EQ,"1,730.00","1,771.30","1,729.00","1,724.30","1,765.00","1,764.60","1,761.43","10,026.80","1,584.30",1050753,"1,85,08,24,935.70",54887
29-Aug-2025,EQ,"1,732.00","1,757.50","1,720.20","1,737.20","1,726.00","1,724.30","1,737.13","10,026.80","1,584.30",868677,"1,50,90,07,142.20",46470
28-Aug-2025,EQ,"1,730.00","1,753.10","1,711.00","1,739.30","1,733.00","1,737.20","1,734.60","10,026.80","1,584.30",1147193,"1,98,99,15,417.40",69456
26-Aug-2025,EQ,"1,752.90","1,779.00","1,734.50","1,764.00","1,739.00","1,739.30","1,758.03","10,026.80","1,584.30",1692453,"2,97,53,90,094.20",87813
25-Aug-2025,EQ,"1,757.00","1,797.50","1,757.00","1,747.70","1,764.00","1,764.00","1,778.33","10,026.80","1,584.30",2137912,"3,80,19,08,712.30",83962
22-Aug-2025,EQ,"1,728.20","1,756.00","1,721.20","1,728.20","1,747.90","1,747.70","1,741.83","10,026.80","1,584.30",2262754,"3,94,13,22,629.90",83082
21-Aug-2025,EQ,"1,715.00","1,733.40","1,678.10","1,708.40","1,725.00","1,728.20","1,718.62","10,026.80","1,584.30",2306077,"3,96,32,78,190.00",74052
20-Aug-2025,EQ,"1,642.40","1,721.00","1,632.70","1,652.70","1,704.80","1,708.40","1,687.03","10,026.80","1,584.30",2185643,"3,68,72,35,248.20",109204
19-Aug-2025,EQ,"1,664.90","1,664.90","1,639.70","1,655.50","1,658.00","1,652.70","1,650.42","10,026.80","1,584.30",844413,"1,39,36,39,338.00",54874
18-Aug-2025,EQ,"1,664.00","1,666.60","1,642.10","1,642.00","1,656.00","1,655.50","1,653.24","10,026.80","1,584.30",1056549,"1,74,67,24,272.30",49271
14-Aug-2025,EQ,"1,626.00","1,649.90","1,621.60","1,621.70","1,642.00","1,642.00","1,638.56","10,026.80","1,584.30",1241786,"2,03,47,40,226.80",63314
13-Aug-2025,EQ,"1,635.00","1,640.10","1,607.20","1,625.40","1,621.90","1,621.70","1,620.21","10,026.80","1,584.30",873679,"1,41,55,44,182.00",46713
12-Aug-2025,EQ,"1,619.60","1,652.00","1,613.90","1,613.90","1,623.30","1,625.40","1,634.97","10,026.80","1,584.30",1170688,"1,91,40,39,593.80",58662
11-Aug-2025,EQ,"1,606.80","1,626.90","1,584.30","1,606.80","1,609.90","1,613.90","1,608.13","10,026.80","1,584.30",1857927,"2,98,77,88,785.20",75061
08-Aug-2025,EQ,"1,682.00","1,682.00","1,601.30","1,704.10","1,606.90","1,606.80","1,624.11","10,026.80","1,601.30",3441538,"5,58,94,35,882.20",120798
07-Aug-2025,EQ,"1,638.30","1,708.00","1,632.90","1,638.30","1,706.00","1,704.10","1,676.29","10,026.80","1,632.90",2503589,"4,19,67,44,038.40",91444
06-Aug-2025,EQ,"1,706.70","1,710.40","1,634.00","1,706.70","1,635.00","1,638.30","1,653.28","10,026.80","1,634.00",2517229,"4,16,16,86,745.70",116712
05-Aug-2025,EQ,"1,745.00","1,748.00","1,698.60","1,746.50","1,704.60","1,706.70","1,712.07","10,026.80","1,653.50",1980437,"3,39,06,55,054.90",63218
04-Aug-2025,EQ,"1,705.00","1,749.50","1,690.00","1,706.30","1,745.00","1,746.50","1,726.26","10,026.80","1,653.50",1391708,"2,40,24,49,768.70",58652
01-Aug-2025,EQ,"1,744.80","1,746.50","1,700.40","1,748.20","1,707.00","1,706.30","1,724.52","10,026.80","1,653.50",1167544,"2,01,34,52,673.00",62983
31-Jul-2025,EQ,"1,725.60","1,756.30","1,701.20","1,749.50","1,747.50","1,748.20","1,736.50","10,026.80","1,653.50",2814159,"4,88,67,86,733.70",136068
30-Jul-2025,EQ,"1,725.00","1,753.00","1,711.40","1,720.50","1,748.00","1,749.50","1,737.82","10,026.80","1,653.50",1877573,"3,26,28,81,621.20",92645
29-Jul-2025,EQ,"1,710.00","1,726.90","1,694.00","1,724.70","1,717.00","1,720.50","1,708.97","10,026.80","1,653.50",3254411,"5,56,16,80,040.80",136198
28-Jul-2025,EQ,"1,688.80","1,732.00","1,667.50","1,688.80","1,722.10","1,724.70","1,717.35","10,026.80","1,653.50",2064973,"3,54,62,71,215.60",124543
25-Jul-2025,EQ,"1,675.00","1,725.00","1,653.50","1,676.00","1,694.50","1,688.80","1,694.97","10,026.80","1,653.50",5036489,"8,53,67,15,862.20",186480
24-Jul-2025,EQ,"1,833.00","1,837.50","1,670.90","1,849.70","1,680.00","1,676.00","1,713.74","10,026.80","1,670.90",11480454,"19,67,45,32,956.70",532287
23-Jul-2025,EQ,"1,867.70","1,869.10","1,839.00","1,858.40","1,846.20","1,849.70","1,851.32","10,026.80","1,694.00",1602723,"2,96,71,55,818.30",129561
22-Jul-2025,EQ,"1,878.00","1,883.50","1,848.00","1,874.30","1,859.30","1,858.40","1,860.03","10,026.80","1,694.00",1001823,"1,86,34,21,034.00",67389
21-Jul-2025,EQ,"1,859.90","1,884.80","1,843.00","1,859.30","1,871.20","1,874.30","1,868.56","10,026.80","1,694.00",746077,"1,39,40,88,260.80",67426
18-Jul-2025,EQ,"1,865.30","1,881.80","1,838.60","1,865.30","1,857.30","1,859.30","1,858.70","10,026.80","1,694.00",1092144,"2,02,99,63,962.70",52998
17-Jul-2025,EQ,"1,890.00","1,893.40","1,856.00","1,882.40","1,856.00","1,865.30","1,870.19","10,026.80","1,694.00",851068,"1,59,16,57,652.20",41359
16-Jul-2025,EQ,"1,892.20","1,894.30","1,869.20","1,893.90","1,881.00","1,882.40","1,882.00","10,026.80","1,694.00",1256821,"2,36,53,32,267.10",60780
15-Jul-2025,EQ,"1,875.00","1,915.00","1,872.20","1,875.00","1,892.20","1,893.90","1,895.37","10,026.80","1,694.00",1579538,"2,99,38,05,561.30",85370
14-Jul-2025,EQ,"1,863.00","1,890.80","1,842.00","1,867.80","1,874.00","1,875.00","1,868.39","10,026.80","1,694.00",1090630,"2,03,77,25,494.40",94170
11-Jul-2025,EQ,"1,887.70","1,893.30","1,846.20","1,887.70","1,862.30","1,867.80","1,868.78","10,026.80","1,694.00",2092630,"3,91,06,74,109.60",117892
10-Jul-2025,EQ,"1,936.00","1,939.00","1,875.40","1,931.30","1,887.50","1,887.70","1,897.27","10,026.80","1,694.00",1659275,"3,14,80,99,975.90",84742
09-Jul-2025,EQ,"1,954.00","1,960.00","1,922.60","1,949.60","1,932.00","1,931.30","1,941.62","10,026.80","1,694.00",939038,"1,82,32,56,200.00",46121
08-Jul-2025,EQ,"1,944.90","1,994.00","1,941.30","1,941.70","1,946.60","1,949.60","1,961.32","10,026.80","1,694.00",1511062,"2,96,36,71,468.50",74634
07-Jul-2025,EQ,"1,950.60","1,967.20","1,936.70","1,950.60","1,943.00","1,941.70","1,951.33","10,026.80","1,694.00",932234,"1,81,90,98,861.20",62608
04-Jul-2025,EQ,"1,943.00","1,953.00","1,923.70","1,938.30","1,945.80","1,950.60","1,941.67","10,026.80","1,694.00",859326,"1,66,85,28,567.40",49687
03-Jul-2025,EQ,"1,934.50","1,956.40","1,926.40","1,926.10","1,936.50","1,938.30","1,943.35","10,026.80","1,694.00",1090866,"2,11,99,33,024.60",69232
02-Jul-2025,EQ,"1,920.10","1,955.90","1,906.00","1,922.50","1,927.20","1,926.10","1,930.18","10,026.80","1,694.00",1567953,"3,02,64,35,664.80",76915
01-Jul-2025,EQ,"1,930.00","1,961.30","1,906.10","1,924.50","1,920.00","1,922.50","1,936.10","10,026.80","1,694.00",2376579,"4,60,12,93,423.90",109360
30-Jun-2025,EQ,"1,916.00","1,929.50","1,883.00","1,899.50","1,920.00","1,924.50","1,912.84","10,026.80","1,694.00",1701327,"3,25,43,60,157.00",74462
27-Jun-2025,EQ,"1,896.00","1,955.00","1,893.00","1,888.00","1,903.00","1,899.50","1,914.00","10,026.80","1,694.00",3971962,"7,60,23,19,797.50",140282
26-Jun-2025,EQ,"1,884.00","1,894.00","1,861.00","1,880.00","1,881.00","1,888.00","1,875.12","10,026.80","1,694.00",2528144,"4,74,05,84,655.00",72286
25-Jun-2025,EQ,"1,870.00","1,895.00","1,863.00","1,862.00","1,879.00","1,880.00","1,881.51","10,026.80","1,694.00",1087112,"2,04,54,14,682.50",46229